Date,Ticker,Actual_Close,Predicted_Close,Prediction_Error,Volume,Moving_Average_5,Moving_Average_20
2024-10-07,MSFT,409.5400085449219,391.9203178626305,-17.619690682291377,20919800,422.53599853515624,426.5311109754774
2024-10-08,MSFT,414.7099914550781,396.15134055335477,-18.558650901723354,19229300,420.1440002441406,425.48399963378904
2024-10-09,MSFT,417.4599914550781,399.62460982733955,-17.83538162773857,14974300,415.99200439453125,424.0345458984375
2024-10-10,MSFT,415.8399963378906,397.44365010703893,-18.39634623085169,13848400,414.79600219726564,423.2574996948242
2024-10-11,MSFT,416.3200073242187,397.6632318661599,-18.656775458058803,14144900,414.86199951171875,422.81153752253607
2024-10-14,MSFT,419.1400146484375,402.0462628658605,-17.093751782576987,16653100,414.7219970703125,422.31357029506137
2024-10-15,MSFT,418.739990234375,400.1525823786885,-18.58740785568648,18900200,414.7739990234375,421.91399943033855
2024-10-16,MSFT,416.1199951171875,396.9764551807703,-19.1435399364172,15508900,416.6940002441406,421.7406253814697
2024-10-17,MSFT,416.7200012207031,398.8503926456177,-17.869608575085408,14820000,417.5,421.5641174316406
2024-10-18,MSFT,418.1600036621094,400.0607373213878,-18.099266340721556,17145300,417.23200073242185,421.2616661919488
2024-10-21,MSFT,418.7799987792969,400.0903893497484,-18.689609429548455,14206100,417.4080017089844,421.0226311934622
2024-10-22,MSFT,427.510009765625,409.79962823904066,-17.710381526584342,25482200,417.7760009765625,420.8794998168945
2024-10-23,MSFT,424.6000061035156,406.4195997725818,-18.180406330933806,19654400,417.70399780273436,420.14299926757815
2024-10-24,MSFT,424.7300109863281,405.98582699198175,-18.744183994346372,13581600,419.4580017089844,420.0599990844727
2024-10-25,MSFT,428.1499938964844,410.7413622282154,-17.40863166826898,16899100,421.15400390625,419.6845001220703
2024-10-28,MSFT,426.5899963378906,408.53913320834494,-18.05086312954569,14882400,422.756005859375,419.35550079345705
2024-10-29,MSFT,431.9500122070313,413.31252223942676,-18.63748996760455,17644100,424.75400390625,419.3620010375977
2024-10-30,MSFT,432.5299987792969,414.6500233728512,-17.87997540644568,29749100,426.3160034179688,419.17650146484374
2024-10-31,MSFT,406.3500061035156,388.56336209686634,-17.786644006649283,53971000,427.20400390625,419.739501953125
2024-11-01,MSFT,410.3699951171875,393.3717612140607,-16.99823390312679,24230400,428.7900024414063,420.5095016479492
2024-11-04,MSFT,408.4599914550781,390.0080481904903,-18.45194326458784,19672300,425.11400146484374,420.00000152587893
2024-11-05,MSFT,411.4599914550781,394.1137209252564,-17.34627052982171,17626000,421.55800170898436,419.7155014038086
2024-11-06,MSFT,420.1799926757813,401.6060381422235,-18.57395453355781,26681800,417.9320007324219,419.66150054931643
2024-11-07,MSFT,425.4299926757813,407.2101015193782,-18.219891156403094,19901800,413.83399658203126,419.4990005493164
2024-11-08,MSFT,422.5400085449219,404.5988375378695,-17.94117100705239,16891400,411.36399536132814,419.63500061035154
2024-11-11,MSFT,418.010009765625,400.33230556286765,-17.677704202757354,24503300,415.17999267578125,420.11450042724607
2024-11-12,MSFT,423.0299987792969,404.9891994508199,-18.040799328476965,19401200,417.61399536132814,420.4255004882813
2024-11-13,MSFT,425.2000122070313,407.40595000405835,-17.794062202972952,21502200,419.5239990234375,420.36900024414064
2024-11-14,MSFT,426.8900146484375,408.0245319708026,-18.865482677634873,30246900,421.83800048828124,420.58350067138673
2024-11-15,MSFT,415.0,397.66950334904504,-17.330496650954956,28247600,422.8420043945313,421.0375015258789
2024-11-18,MSFT,415.760009765625,397.85398091678024,-17.906028848844755,24727000,423.1340087890625,421.54600219726564
2024-11-19,MSFT,417.7900085449219,399.4683028967497,-18.321705648172156,18133500,421.6260070800781,421.3880020141602
2024-11-20,MSFT,415.489990234375,396.79183231515026,-18.69815791922474,19191700,421.17600708007814,421.23700256347655
2024-11-21,MSFT,412.8699951171875,395.0662171634956,-17.803777953691906,20780200,420.1280090332031,420.7510025024414
2024-11-22,MSFT,417.0,398.9640198290141,-18.03598017098591,24814600,418.1860046386719,420.2955017089844
2024-11-25,MSFT,418.7900085449219,400.7814991915486,-18.008509353373256,27691100,415.3820007324219,419.70250091552737
2024-11-26,MSFT,427.989990234375,410.0408796784763,-17.9491105558987,23458900,415.78200073242186,419.14500122070314
2024-11-27,MSFT,422.989990234375,405.4026317143044,-17.58735852007061,18332400,416.38800048828125,418.7550018310547
2024-11-29,MSFT,423.4599914550781,405.23988471824885,-18.22010673682928,16271900,418.42799682617186,418.5570007324219
2024-12-02,MSFT,430.9800109863281,413.26717474388283,-17.71283624244529,20207200,419.92799682617186,418.08000030517576
2024-12-03,MSFT,431.2000122070313,412.87121953411787,-18.328792672913437,18302000,422.04599609375,418.9354995727539
2024-12-04,MSFT,437.4200134277344,419.58975065288075,-17.830262774853622,26009400,424.8419982910156,419.96600036621095
2024-12-05,MSFT,442.6199951171875,424.4463952761896,-18.173599840997895,21697800,427.3239990234375,421.1030014038086
2024-12-06,MSFT,443.5700073242187,425.6011298320952,-17.96887749212351,18821000,429.2100036621094,422.40100250244143
2024-12-09,MSFT,446.0199890136719,427.5941789988869,-18.425810014784986,19144400,433.13600463867186,423.5230026245117
2024-12-10,MSFT,443.3299865722656,425.8661641655193,-17.463822406746317,18469500,437.1580078125,424.4300033569336
2024-12-11,MSFT,448.989990234375,430.71216434100614,-18.277825893368856,19200200,440.16600341796874,425.60400238037107
2024-12-12,MSFT,449.55999755859375,432.6673892902655,-16.892608268328274,20834800,442.5919982910156,426.8700012207031
2024-12-13,MSFT,447.2699890136719,429.16962325146517,-18.100365762206707,20177800,444.90599365234374,428.16800079345705
2024-12-16,MSFT,451.5899963378906,432.7278491624945,-18.862147175396103,23598800,446.293994140625,429.38600006103513
2024-12-17,MSFT,454.4599914550781,435.69577488214077,-18.764216572937357,22733500,447.03399047851565,430.4049987792969
2024-12-18,MSFT,437.3900146484375,420.23515891193335,-17.154855736504146,24444500,448.1479919433594,432.23449859619143
2024-12-19,MSFT,437.0299987792969,419.30652822191337,-17.723470557383507,22963700,450.3739929199219,434.16949768066405
2024-12-20,MSFT,436.6000061035156,419.1161425545447,-17.48386354897093,64263700,448.0539978027344,435.14949798583984
2024-12-23,MSFT,435.25,416.911167969441,-18.33883203055899,19152500,445.547998046875,436.22649841308595
2024-12-24,MSFT,439.3299865722656,420.8602654253474,-18.469721146918232,7164500,443.41400146484375,437.41299896240236
2024-12-26,MSFT,438.1099853515625,420.0410117907927,-18.06897356076979,8194200,440.1460021972656,438.3254989624023
2024-12-27,MSFT,430.5299987792969,412.0536584673341,-18.47634031196276,18117700,437.1200012207031,439.35249786376954
2024-12-30,MSFT,424.8299865722656,406.70977435424425,-18.12021221802138,13158700,437.2639953613281,439.8584976196289
2024-12-31,MSFT,421.5,403.9627223101602,-17.53727768983981,13246500,435.9639953613281,440.235498046875
2025-01-02,MSFT,418.5799865722656,400.941816684716,-17.638169887549623,16896500,433.6099914550781,440.3039978027344
2025-01-03,MSFT,423.3500061035156,405.4618066154642,-17.88819948805144,16662900,430.8599914550781,439.82999725341796
2025-01-06,MSFT,427.8500061035156,411.2689839587329,-16.581022144782708,20573600,426.7099914550781,439.19899597167966
2025-01-07,MSFT,422.3699951171875,405.23681469122357,-17.13318042596393,18139100,423.75799560546875,438.49549560546876
2025-01-08,MSFT,424.55999755859375,407.01634893466496,-17.54364862392879,15054600,423.2219970703125,437.75699615478516
2025-01-10,MSFT,418.9500122070313,400.99371118385415,-17.95630102317716,20201100,422.72999877929686,436.6969955444336
2025-01-13,MSFT,417.19000244140625,399.197158934438,-17.992843506968256,17604800,423.3419982910156,435.6239959716797
2025-01-14,MSFT,415.6700134277344,397.7956181099322,-17.87439531780217,16935900,423.41600341796874,434.40499725341795
2025-01-15,MSFT,426.30999755859375,408.87859426308967,-17.431403295504083,19637800,422.1840026855469,432.8149978637695
2025-01-16,MSFT,424.5799865722656,407.2804426356497,-17.29954393661592,15300000,419.7480041503906,431.12049865722656
2025-01-17,MSFT,429.0299987792969,411.58371959762775,-17.446279181669127,26197500,420.5360046386719,430.07249908447267
2025-01-21,MSFT,428.5,410.3972733003671,-18.10272669963291,26085700,420.5400024414063,428.7219985961914
2025-01-22,MSFT,446.2000122070313,428.2053678967282,-17.9946443103031,27803800,422.5559997558594,427.4504989624023
2025-01-23,MSFT,446.7099914550781,428.2499301511683,-18.46006130390981,18389300,424.8179992675781,427.0059982299805
2025-01-24,MSFT,444.05999755859375,425.58684764126474,-18.47314991732901,15549500,430.9239990234375,427.46449890136716
2025-01-27,MSFT,434.55999755859375,415.8342540706673,-18.725743487926422,35647800,435.0039978027344,427.9699981689453
2025-01-28,MSFT,447.2000122070313,428.6009477882725,-18.599064418758815,23491700,438.9,428.410498046875
2025-01-29,MSFT,442.3299865722656,423.9972745749949,-18.332711997270735,23581400,440.00599975585936,428.17199859619143
2025-01-30,MSFT,414.989990234375,397.5156825105613,-17.474307723813695,54586300,443.7460021972656,428.62649993896486
2025-01-31,MSFT,415.05999755859375,398.11068850669983,-16.94930905189392,34161900,442.9719970703125,429.2164993286133
2025-02-03,MSFT,410.9200134277344,393.73005062661565,-17.189962801118725,25679100,436.62799682617185,428.72449951171876
2025-02-04,MSFT,412.3699951171875,394.5180353350887,-17.85195978209879,20532100,430.8279968261719,428.4024993896484
2025-02-05,MSFT,413.2900085449219,395.2970342185275,-17.992974326394403,16316700,426.1,428.0195007324219
2025-02-06,MSFT,415.8200073242187,398.71718373938234,-17.102823584836358,16309800,419.1339965820313,427.47050018310546
2025-02-07,MSFT,409.75,393.10101679273174,-16.64898320726826,22886800,413.3260009765625,426.7425003051758
2025-02-10,MSFT,412.2200012207031,395.15496300701517,-17.065038213687956,20817900,413.49200439453125,426.41500091552734
2025-02-11,MSFT,411.44000244140625,394.1343107048758,-17.305691736530434,18140600,412.4300048828125,425.6745010375977
2025-02-12,MSFT,409.0400085449219,391.50506121002616,-17.53494733489572,19121700,412.69000244140625,425.33800048828124
2025-02-13,MSFT,410.5400085449219,393.06790025237433,-17.472108292547546,23891700,412.50400390625,425.0505004882813
2025-02-14,MSFT,408.4299926757813,390.7470021259894,-17.682990549791896,22758500,411.65400390625,424.7190002441406
2025-02-18,MSFT,409.6400146484375,392.21482909332383,-17.42518555511367,21423100,410.59800415039064,423.93050079345704
2025-02-19,MSFT,414.7699890136719,397.50081914276217,-17.269169870909707,24114200,410.33400268554686,423.1230010986328
2025-02-20,MSFT,416.1300048828125,399.0533264079297,-17.076678474882783,23508700,409.81800537109376,422.1535018920898
2025-02-21,MSFT,408.2099914550781,391.660170692225,-16.54982076285313,27524800,410.4840026855469,421.4670013427734
2025-02-24,MSFT,404.0,386.4538649111263,-17.54613508887371,26443700,411.902001953125,419.9635009765625
2025-02-25,MSFT,397.8999938964844,380.91847813193164,-16.98151576455274,29387400,411.4359985351563,418.0385009765625
2025-02-26,MSFT,399.7300109863281,382.97993516916415,-16.750075817163975,19619000,410.55,416.03550109863284
2025-02-27,MSFT,392.5299987792969,377.3602858760317,-15.169712903265179,21127400,408.2019958496094,414.20250091552737
2025-02-28,MSFT,396.989990234375,379.0441161500228,-17.945874084352226,32845700,405.1940002441406,411.82900085449216
2025-03-03,MSFT,388.489990234375,372.17369157421655,-16.316298660158452,23007700,400.4739990234375,409.33900146484376
2025-03-04,MSFT,388.6099853515625,372.2866955010134,-16.323289850549088,29342900,398.22999877929686,408.4390014648437
2025-03-05,MSFT,401.0199890136719,384.250875317979,-16.76911369569285,23433100,395.12799682617185,407.1105010986328
2025-03-06,MSFT,396.8900146484375,380.9032247531957,-15.986789895241827,23304600,393.2699951171875,405.99499969482423
2025-03-07,MSFT,393.30999755859375,375.47937025968054,-17.830627298913214,22034100,393.5279907226562,405.42749938964846
2025-03-10,MSFT,380.1600036621094,363.3902671691261,-16.76973649298327,32840100,394.3999938964844,404.60749969482424
2025-03-11,MSFT,380.4500122070313,364.9088542343618,-15.54115797266951,30380200,393.66399536132815,403.481999206543
2025-03-12,MSFT,383.2699890136719,366.52869387710285,-16.741295136569022,24253600,391.997998046875,402.00249938964845
2025-03-13,MSFT,378.7699890136719,362.9123393506393,-15.85764966303259,20473000,390.3660034179687,400.4139999389648
2025-03-14,MSFT,388.55999755859375,372.36651281700154,-16.193484741592215,19952800,386.8160034179688,399.0054992675781
2025-03-17,MSFT,388.7000122070313,372.91799272876955,-15.782019478261759,22474300,383.19199829101564,397.49199829101565
2025-03-18,MSFT,383.5199890136719,366.87391480263676,-16.646074211035113,19486900,382.24199829101565,396.3929977416992
2025-03-19,MSFT,387.8200073242187,371.5130959569436,-16.30691136727512,19185500,383.95000000000005,395.40649871826173
2025-03-20,MSFT,386.8399963378906,371.13532998538983,-15.704666352500794,18470500,384.5639953613281,394.1004974365234
2025-03-21,MSFT,391.260009765625,374.62003815517255,-16.63997161045245,39675900,385.4739990234375,392.7529983520508
2025-03-24,MSFT,393.0799865722656,376.2460922470998,-16.83389432516583,21004500,387.08800048828124,391.2884979248047
2025-03-25,MSFT,395.1600036621094,378.60723370219546,-16.552769959913917,15775000,387.6280029296875,390.44099884033204
2025-03-26,MSFT,389.9700012207031,373.6889242008348,-16.28107701986835,16108400,388.5039978027344,389.89499816894534
2025-03-27,MSFT,390.5799865722656,374.0134288621931,-16.566557710072516,13766800,390.8320007324219,389.75799865722655
2025-03-28,MSFT,378.7999877929687,363.155615810399,-15.64437198256968,21632000,391.2619995117187,389.26999816894534
2025-03-31,MSFT,375.3900146484375,358.5253836649781,-16.864630983459392,35184700,392.00999755859374,389.17249755859376
2025-04-01,MSFT,382.19000244140625,365.8206850468478,-16.369317394558436,19689500,389.51799316406243,388.26299743652345
2025-04-02,MSFT,382.1400146484375,366.20376824755965,-15.936246400877849,16092600,385.97999877929686,387.6079986572266
2025-04-03,MSFT,373.1099853515625,356.8373471922653,-16.272638159297173,30198000,383.38599853515626,387.28699951171876
2025-04-04,MSFT,359.8399963378906,346.71630762217325,-13.123688715717378,49209900,381.82000122070315,386.343000793457
2025-04-07,MSFT,357.8599853515625,344.3515668821614,-13.508418469401079,50425000,378.3260009765625,385.1539993286133
2025-04-08,MSFT,354.55999755859375,340.9204356582723,-13.63956190032144,35868900,374.53400268554685,383.4804992675781
2025-04-09,MSFT,390.489990234375,375.09924877646074,-15.39074145791426,50199700,371.0279968261719,382.3654983520508
2025-04-10,MSFT,381.3500061035156,363.2196246786848,-18.13038142483083,38024400,365.5019958496094,381.0709976196289
2025-04-11,MSFT,388.4500122070313,372.17246764311017,-16.27754456392114,23839200,367.1719909667969,381.43199768066404
2025-04-14,MSFT,387.80999755859375,371.7598367756111,-16.05016078298263,19251200,368.8199951171875,381.5609985351563
2025-04-15,MSFT,385.7300109863281,370.26092716877804,-15.469083817550086,17199900,374.5419982910156,381.5554992675781
2025-04-16,MSFT,371.6099853515625,355.81161824109796,-15.79836711046454,21967800,380.53200073242186,381.51099853515626
2025-04-17,MSFT,367.7799987792969,352.55638821539867,-15.223610563898205,21120200,386.76600341796876,381.6214996337891
2025-04-21,MSFT,359.1199951171875,343.53171570871444,-15.588279408473056,20807300,382.99000244140626,380.8109985351563
2025-04-22,MSFT,366.8200073242187,350.84253067207646,-15.97747665214223,19485000,380.2760009765625,379.8579986572266
2025-04-23,MSFT,374.3900146484375,359.78297895327313,-14.60703569516437,20545500,374.4099975585938,378.25099792480466
2025-04-24,MSFT,387.2999877929687,371.6076412013758,-15.692346591592866,22232300,370.2119995117188,376.93799896240233
2025-04-25,MSFT,391.8500061035156,375.5136164855243,-16.3363896179913,18973200,367.9440002441406,375.8994995117188
2025-04-28,MSFT,391.1600036621094,374.46903214590054,-16.690971516208833,16579400,371.0820007324219,375.76599884033203
2025-04-29,MSFT,394.0400085449219,377.9037068167877,-16.136301728134185,14974000,375.8960021972656,375.82949981689455
2025-04-30,MSFT,395.260009765625,378.27013494235234,-16.989874823272658,36461100,382.30400390625,376.44750061035154
2025-05-01,MSFT,425.3999938964844,411.4897788015992,-13.910215094885189,58938100,387.7480041503906,377.38000030517577
2025-05-02,MSFT,435.2799987792969,419.56159562068837,-15.71840315860851,30757400,391.9220031738281,378.0335006713867
2025-05-05,MSFT,436.1700134277344,419.84059347296846,-16.32941995476591,20136100,399.54200439453126,380.1964996337891
2025-05-06,MSFT,433.30999755859375,417.06338439880966,-16.24661315978409,15104200,408.2280029296875,383.3050003051758
2025-05-07,MSFT,433.3500061035156,416.93792191066285,-16.412084192852774,23295300,417.2300048828125,387.12150115966796
2025-05-08,MSFT,438.1700134277344,422.1190073754709,-16.05100605226346,23491300,425.08400268554686,390.89400177001954
2025-05-09,MSFT,438.7300109863281,421.5524357891713,-17.17757519715684,15324200,432.702001953125,394.8335021972656
2025-05-12,MSFT,449.260009765625,431.1446241707897,-18.11538559483529,22821900,435.256005859375,397.2175033569336
2025-05-13,MSFT,449.1400146484375,431.82299918553923,-17.31701546289827,23618800,435.9460083007813,400.08650360107424
2025-05-14,MSFT,452.94000244140625,435.7315693807327,-17.208433060673542,19902800,438.5640075683594,403.1270034790039
2025-05-15,MSFT,453.1300048828125,436.3723102048677,-16.757694677944812,21992300,441.7300109863281,406.1935043334961
2025-05-16,MSFT,454.2699890136719,436.2002976257088,-18.069691387963076,23849800,445.64801025390625,409.55400390625
2025-05-19,MSFT,458.8699951171875,441.5000695370192,-17.369925580168285,21336500,448.6400085449219,413.6300048828125
2025-05-20,MSFT,458.1700134277344,440.45409945008066,-17.715913977653713,15441800,451.7480041503906,417.9545043945312
2025-05-21,MSFT,452.5700073242187,435.9357095484151,-16.63429777580359,19216900,453.6700012207031,422.94200439453124
2025-05-22,MSFT,454.8599853515625,438.7777762382268,-16.082209113335693,18025600,455.4760009765625,427.509504699707
2025-05-23,MSFT,450.1799926757813,433.56953390954175,-16.61045876623956,16883500,455.402001953125,431.4185043334961
2025-05-27,MSFT,460.69000244140625,443.4998045564722,-17.190197884934037,20974300,455.747998046875,434.79650421142577
2025-05-28,MSFT,457.3599853515625,440.6321820907034,-16.727803260859105,17086300,454.92999877929685,437.71300354003904
2025-05-29,MSFT,458.6799926757813,441.06349677593016,-17.616495899851145,13974800,455.29400024414065,441.1895034790039
2025-05-30,MSFT,460.3599853515625,442.594849374469,-17.765135977093507,34770500,455.1319946289062,444.3555023193359
2025-06-02,MSFT,461.9700012207031,444.5831021936051,-17.386899027098025,16626500,456.35399169921874,447.52650146484376
2025-06-03,MSFT,462.9700012207031,445.6948405276217,-17.275160693081432,15743800,457.45399169921876,449.27450103759764
2025-06-04,MSFT,463.8699951171875,446.7399279740255,-17.130067143162023,14162700,459.81199340820314,450.60900115966797
2025-06-05,MSFT,467.6799926757813,450.53381971936216,-17.14617295641915,20131700,460.2679931640625,451.9490005493164
2025-06-06,MSFT,470.3800048828125,453.4247182168841,-16.955286665928384,15285600,461.5699951171875,453.4770004272461
2025-06-09,MSFT,472.75,455.06876610219484,-17.681233897805157,16469900,463.3699951171875,455.19349975585936
2025-06-10,MSFT,470.9200134277344,452.9835741710883,-17.936439256646054,15375900,465.3739990234375,456.80399932861326
2025-06-11,MSFT,472.6199951171875,455.56687763539514,-17.053117481792356,16399200,467.5299987792969,458.5049987792969
2025-06-12,MSFT,478.8699951171875,461.2186046171311,-17.65139050005638,18950600,469.1200012207031,459.58799896240237
2025-06-13,MSFT,474.9599914550781,457.5418682974131,-17.418123157665036,16814500,470.8700012207031,460.76199798583986
2025-06-16,MSFT,479.1400146484375,461.55728339993175,-17.582731248505752,15626100,473.1080017089844,462.0584976196289
2025-06-17,MSFT,478.0400085449219,459.97220907143026,-18.06779947349162,15414100,474.0239990234375,463.1499969482422
2025-06-18,MSFT,480.239990234375,461.74688919256965,-18.493101041805346,17526500,475.302001953125,464.3934982299805
2025-06-20,MSFT,477.3999938964844,459.96295183780467,-17.437042058679708,37576200,476.7260009765625,465.3519989013672
2025-06-23,MSFT,486.0,467.3889769281391,-18.611023071860927,24864000,478.25,466.4554977416992
2025-06-24,MSFT,490.1099853515625,471.98009598503813,-18.129889366524367,22305600,477.95599975585935,467.6969970703125
2025-06-25,MSFT,492.2699890136719,474.0556204639762,-18.214368549695678,17495100,480.16400146484375,469.2539978027344
2025-06-26,MSFT,497.4500122070313,479.0594841302938,-18.390528076737496,21578900,482.3579956054688,471.25049743652346
2025-06-27,MSFT,495.94000244140625,477.42812912672565,-18.5118733146806,34539200,485.20399169921876,472.8294967651367
2025-06-30,MSFT,497.4100036621094,479.3764018473531,-18.033601814756253,28369000,488.64599609375,474.83399810791013
2025-07-01,MSFT,492.0499877929687,474.055254296312,-17.994733496656693,19945400,492.3539978027344,476.6969985961914
2025-07-02,MSFT,491.0899963378906,472.8882765429022,-18.201719794988435,16319600,494.63599853515626,478.54949951171875
2025-07-03,MSFT,498.8399963378906,480.5531382105481,-18.286858127342498,13984800,495.0239990234375,480.05349884033205
2025-07-07,MSFT,497.7200012207031,478.90145123434104,-18.818549986362086,13981600,494.7880004882812,481.4594985961914
2025-07-08,MSFT,496.6199951171875,477.7239346527714,-18.89606046441611,11846600,495.0659973144531,483.20799865722654
2025-07-09,MSFT,503.510009765625,485.48881764980524,-18.02119211581976,18659500,495.4219970703125,484.70999908447266
2025-07-10,MSFT,501.4800109863281,482.4369327795782,-19.043078206749897,16492100,495.2639953613281,486.0219985961914
2025-07-11,MSFT,503.3200073242187,484.6389795176281,-18.681027806590578,16459500,497.5559997558594,487.5599990844727
2025-07-14,MSFT,503.0199890136719,484.18294250750074,-18.837046506171134,12058800,499.6340026855469,489.08799896240237
2025-07-15,MSFT,505.8200073242187,487.39421807837334,-18.42578924584535,14927200,500.5300048828125,490.6229995727539
2025-07-16,MSFT,505.6199951171875,486.2508640485812,-19.369131068606293,15154400,501.5900024414062,491.83049926757815
2025-07-17,MSFT,511.7000122070313,493.0058715939921,-18.694140613039224,17503100,503.4300048828125,493.37350006103514
2025-07-18,MSFT,510.0499877929687,490.89209844310136,-19.157889349867332,21209700,503.852001953125,494.69749908447267
2025-07-21,MSFT,510.05999755859375,491.1362162199855,-18.92378133860825,14066800,505.8960021972656,496.3804992675781
2025-07-22,MSFT,505.2699890136719,486.67375262912026,-18.596236384551617,13868600,507.24199829101565,497.8709991455078
2025-07-23,MSFT,505.8699951171875,485.8963197081389,-19.97367540904861,16396600,508.65,499.5039993286133
2025-07-24,MSFT,510.8800048828125,492.1967948282403,-18.683210054572214,16107000,508.5399963378906,500.4674987792969
2025-07-25,MSFT,513.7100219726562,495.25508313670923,-18.45493883594702,19125700,508.5899963378906,501.2554992675781
2025-07-28,MSFT,512.5,493.13264383228136,-19.36735616771864,14308000,508.4259948730469,502.18600006103514
2025-07-29,MSFT,512.5700073242188,493.86150153434426,-18.708505789874494,16469200,509.1580017089844,502.9990005493164
2025-07-30,MSFT,513.239990234375,493.56669144158735,-19.673298792787648,26380400,509.6460021972656,503.8270004272461
2025-07-31,MSFT,533.5,516.2665450212404,-17.233454978759596,51617300,511.106005859375,504.5850006103516
2025-08-01,MSFT,524.1099853515625,505.1249657419178,-18.985019609644723,28977600,512.5800048828125,505.6445007324219
2025-08-04,MSFT,535.6400146484375,516.4678129857871,-19.172201662650423,25349000,517.10400390625,507.76500091552737
2025-08-05,MSFT,527.75,508.709337559814,-19.040662440185997,19171600,519.1839965820312,509.02850036621095
2025-08-06,MSFT,524.9400024414062,505.701018069822,-19.23898437158425,21355700,523.8119995117188,510.9245010375977
2025-08-07,MSFT,520.8400268554688,501.4826430516865,-19.357383803782227,16079100,526.847998046875,512.4810012817383
2025-08-08,MSFT,522.0399780273438,502.562260657014,-19.477717370329742,15531000,529.1880004882812,513.5525009155274
2025-08-11,MSFT,521.77001953125,503.21450826250475,-18.55551126874525,20194400,526.656005859375,514.5205017089844
2025-08-12,MSFT,529.239990234375,509.811511837494,-19.42847839688102,18667000,526.2420043945312,515.4565002441407
2025-08-13,MSFT,520.5800170898438,501.92871148085806,-18.651305608985695,19619200,523.4680053710938,516.3940017700195
2025-08-14,MSFT,522.47998046875,503.3337608029062,-19.146219665843773,20269100,523.7660034179687,517.5650009155273
2025-08-15,MSFT,520.1699829101562,501.4646698674617,-18.70531304269457,25213300,522.8940063476563,518.3130020141601
2025-08-18,MSFT,517.0999755859375,497.72738416392684,-19.372591422010657,23760600,523.2219970703125,518.8520004272461
2025-08-19,MSFT,509.7699890136719,490.523039840934,-19.246949172737857,21481000,522.847998046875,519.3580001831054
2025-08-20,MSFT,505.7200012207031,486.71922028502195,-19.000780935681178,27723000,521.9139892578125,519.7099990844727
2025-08-21,MSFT,504.239990234375,485.64318827964536,-18.596801954729642,18443300,518.0199890136719,519.9349990844727
2025-08-22,MSFT,507.2300109863281,488.4514571461577,-18.778553840170446,24324200,515.0479858398437,519.9274993896485
2025-08-25,MSFT,504.260009765625,485.54086899898874,-18.719140766636258,21638600,511.3999877929688,519.5954986572266
2025-08-26,MSFT,502.0400085449219,482.4859617838589,-19.554046761062978,30835700,508.81199340820314,519.2714981079101
2025-08-27,MSFT,506.739990234375,487.3142732443143,-19.42571699006072,17277900,506.24400024414064,518.8594985961914
2025-08-28,MSFT,509.6400146484375,490.40068180852955,-19.239332839907945,18015600,504.6980041503906,518.3329986572265
2025-08-29,MSFT,506.69000244140625,487.3278078439097,-19.36219459749657,20961600,504.902001953125,518.0079986572266
2025-09-02,MSFT,505.1199951171875,485.2458866074294,-19.874108509758116,18128000,505.9820068359375,516.8149993896484
2025-09-03,MSFT,505.3500061035156,486.38100148407943,-18.96900461943619,16345100,505.87400512695314,515.9440002441406
2025-09-04,MSFT,507.9700012207031,488.39912690796984,-19.57087431273328,15509500,506.04600219726564,514.4179992675781
2025-09-05,MSFT,495.0,477.28551399065776,-17.714486009342238,31994800,506.7080017089844,513.297999572754
2025-09-08,MSFT,498.2000122070313,479.32169106769584,-18.87832113933547,16771000,506.95400390625,512.4494995117187
2025-09-09,MSFT,498.4100036621094,479.5608951407511,-18.84910852135829,14410500,504.0260009765625,511.1574981689453
2025-09-10,MSFT,500.3699951171875,480.7852467962041,-19.584748320983408,21611800,502.3280029296875,509.9654998779297
2025-09-11,MSFT,501.010009765625,481.53037651192733,-19.47963325369767,18881600,500.9860046386719,508.79749908447263
2025-09-12,MSFT,509.8999938964844,490.7783690800783,-19.121624816406097,23624900,499.99000244140626,507.35399932861327
2025-09-15,MSFT,515.3599853515625,495.59611294661545,-19.76387240494705,17143800,498.59800415039064,506.37549896240233
2025-09-16,MSFT,509.0400085449219,490.2103184505331,-18.829690094388752,19711900,501.5780029296875,505.7464996337891
2025-09-17,MSFT,510.0199890136719,489.9841960497324,-20.035792963939457,15816600,505.00999755859374,505.50599975585936
2025-09-18,MSFT,508.4500122070313,489.52100929325263,-18.929002913778675,18913700,507.13599853515626,505.1030014038086
2025-09-19,MSFT,517.9299926757812,498.64285079194605,-19.287141883835204,52474100,509.0659973144531,505.1155014038086
2025-09-22,MSFT,514.4500122070312,495.27240835533894,-19.17760385169231,20009300,510.5539978027344,505.252001953125
2025-09-23,MSFT,509.2300109863281,489.8971591429676,-19.332851843360515,19799600,512.1599975585938,505.93650207519534
2025-09-24,MSFT,510.1499938964844,490.72207474752133,-19.427919148963042,13533700,511.9780029296875,506.2975021362305
2025-09-25,MSFT,507.0299987792969,487.7890958213408,-19.240902957956052,15786500,512.0160034179687,506.54600219726564
2025-09-26,MSFT,511.4599914550781,492.08611060315013,-19.373880851927993,16213100,512.0420043945312,506.9515014648438
2025-09-29,MSFT,514.5999755859375,495.2275335165605,-19.372442069376973,17617800,511.75800170898435,506.9660018920898
2025-09-30,MSFT,517.9500122070312,497.7937765556167,-20.156235651414534,19728200,510.46400146484376,507.0570007324219
2025-10-01,MSFT,519.7100219726562,499.66215813949105,-20.047863833165195,22632300,510.493994140625,507.45249938964844
2025-10-02,MSFT,515.739990234375,496.36288761225205,-19.377102622122948,21222900,512.2379943847657,508.0940002441406
2025-10-03,MSFT,517.3499755859375,498.1929555640636,-19.157020021873905,15112300,514.15,508.81200103759767
2025-10-06,MSFT,528.5700073242188,509.5019533024092,-19.06805402180953,21388600,515.8919982910156,509.20050048828125
2025-10-07,MSFT,523.97998046875,504.604640365319,-19.375340103430972,14615200,517.0699951171875,510.3179992675781
2025-10-08,MSFT,524.8499755859375,505.55494895429854,-19.29502663163896,13363400,519.8640014648438,511.8364990234375
2025-10-09,MSFT,522.4000244140625,502.2493295682051,-20.1506948458574,18343600,521.0699951171875,513.1149978637695
2025-10-10,MSFT,510.9599914550781,492.8956044753264,-18.064386979751703,24133800,522.0979858398438,514.338996887207
2025-10-13,MSFT,514.0499877929688,494.45193564406594,-19.59805214890281,14284200,523.4299926757812,515.4084976196289
2025-10-14,MSFT,513.5700073242188,493.7062110319205,-19.863796292298275,14684300,522.1519958496094,515.4614974975586
2025-10-15,MSFT,513.4299926757812,494.07755253113635,-19.352440144644902,14694700,519.2479919433594,515.3959976196289
2025-10-16,MSFT,511.6099853515625,492.71124144520905,-18.898743906353445,15559600,517.1659973144531,515.6224975585938
2025-10-17,MSFT,513.5800170898438,494.30610155965235,-19.273915530191402,19867800,514.8820007324218,515.7929977416992
2025-10-20,MSFT,516.7899780273438,497.739587712329,-19.050390315014738,14665600,512.7239929199219,515.9509963989258
2025-10-21,MSFT,517.6599731445312,497.70269943575454,-19.95727370877671,15586200,513.247998046875,515.7334976196289
2025-10-22,MSFT,520.5399780273438,501.7389804196297,-18.800997607714066,18962700,513.79599609375,515.8504959106446
2025-10-23,MSFT,520.5599975585938,501.27226975047506,-19.28772780811869,14023500,514.6139892578125,516.2719940185547
2025-10-24,MSFT,523.6099853515625,504.1546385698849,-19.455346781677576,15532400,516.035986328125,516.7914932250976
2025-10-27,MSFT,531.52001953125,512.3802195617594,-19.139799969490582,18734700,517.8259887695312,517.4679931640625
2025-10-28,MSFT,542.0700073242188,524.0274122156392,-18.042595108579576,29986700,519.831982421875,518.0754928588867
2025-10-29,MSFT,541.5499877929688,521.4503290598423,-20.09965873312649,36023000,522.7779907226562,518.9214950561524
2025-10-30,MSFT,525.760009765625,506.61544041740797,-19.144569348217033,41023100,527.6599975585938,520.1274948120117
2025-10-31,MSFT,517.8099975585938,498.73396289919094,-19.076034659402808,34006400,531.8619995117188,521.2194931030274
2025-11-03,MSFT,517.030029296875,498.6923502631584,-18.337679033716597,22374700,532.902001953125,521.7204940795898
2025-11-04,MSFT,514.3300170898438,494.36265137082484,-19.967365719018915,20958700,531.7420043945312,521.7434951782227
2025-11-05,MSFT,507.1600036621094,488.5514557867921,-18.6085478753173,23024300,528.8440063476562,521.1664962768555
2025-11-06,MSFT,497.1000061035156,478.3394870814692,-18.760519022046424,27406500,523.2960083007813,520.6839981079102
2025-11-07,MSFT,496.8200073242187,477.7943076787232,-19.02569964549548,24019800,516.4180114746093,519.7994995117188
2025-11-10,MSFT,506.0,486.94052070005534,-19.059479299944655,26101500,510.6860107421875,518.5344985961914
2025-11-11,MSFT,508.6799926757813,489.25906397556514,-19.420928700216166,17980000,506.4880126953125,517.8274993896484
2025-11-12,MSFT,511.1400146484375,490.21163865174293,-20.92837599669457,26574900,504.2820068359375,517.425
2025-11-13,MSFT,503.2900085449219,485.2111475175159,-18.078861027405992,25273100,503.152001953125,517.1804992675782
2025-11-14,MSFT,510.1799926757813,491.11779432725575,-19.062198348525556,28505700,503.9480041503906,517.0660003662109
2025-11-17,MSFT,507.489990234375,488.94871862195214,-18.54127161242286,19092800,505.1860046386719,516.6500015258789
2025-11-18,MSFT,493.7900085449219,475.5124003518682,-18.277608193053652,33815100,507.8580017089844,516.4800003051757
2025-11-19,MSFT,487.1199951171875,469.17320575451157,-17.94678936267593,23245300,508.1559997558594,516.0150009155274
2025-11-20,MSFT,478.4299926757813,460.8023098260092,-17.6276828497721,26802500,505.1780029296875,514.8215026855469
2025-11-21,MSFT,472.1199951171875,453.5100270857542,-18.60996803143331,31769200,500.3739990234375,513.150503540039
2025-11-24,MSFT,474.0,454.996775393747,-19.003224606253013,34421000,495.40199584960936,511.04400329589845
2025-11-25,MSFT,476.989990234375,457.36795954775357,-19.62203068662143,28019800,487.7899963378906,508.46950378417966
2025-11-26,MSFT,485.5,466.85678702195867,-18.643212978041333,25709100,481.0919982910156,505.5935028076172
2025-11-28,MSFT,492.010009765625,473.34077556088255,-18.66923420474245,14386700,477.73199462890625,502.339501953125
